geo_code,geoid,name,total,No,Unspecified,Yes
ZA,country-ZA,South Africa,9886916,344992,50430,9491494
WC044,municipality-WC044,George,32616,379,127,32110
WC047,municipality-WC047,Bitou,7572,195,19,7358
WC048,municipality-WC048,Knysna,10615,356,29,10230
WC051,municipality-WC051,Laingsburg,1177,11,6,1160
WC052,municipality-WC052,Prince Albert,2227,7,1,2219
WC053,municipality-WC053,Beaufort West,8126,49,70,8007
MP303,municipality-MP303,Mkhondo,30525,471,109,29945
MP311,municipality-MP311,Victor Khanye,13535,514,79,12942
MP322,municipality-MP322,Mbombela,124575,4290,531,119754
NW373,municipality-NW373,Rustenburg,94936,7640,623,86673
NW384,municipality-NW384,Ditsobotla,29720,460,57,29203
NW396,municipality-NW396,Lekwa-Teemane,9567,106,25,9436
NC062,municipality-NC062,Nama Khoi,7484,49,5,7430
NC071,municipality-NC071,Ubuntu,3079,43,6,3030
NC077,municipality-NC077,Siyathemba,3468,40,7,3421
NC085,municipality-NC085,Tsantsabane,6422,68,15,6339
NC094,municipality-NC094,Phokwane,11411,120,24,11267
WC012,municipality-WC012,Cederberg,8037,226,53,7758
WC024,municipality-WC024,Stellenbosch,32264,841,289,31134
WC033,municipality-WC033,Cape Agulhas,5242,154,50,5038
WC045,municipality-WC045,Oudtshoorn,16354,79,24,16251
EC102,municipality-EC102,Blue Crane Route,5857,40,22,5795
EC103,municipality-EC103,Ikwezi,1662,22,6,1634
EC104,municipality-EC104,Makana,13753,291,57,13405
EC106,municipality-EC106,Sundays River Valley,9365,335,22,9008
EC107,municipality-EC107,Baviaans,2794,21,2,2771
EC108,municipality-EC108,Kouga,15720,282,79,15359
EC109,municipality-EC109,Kou-Kamma,6672,185,27,6460
EC121,municipality-EC121,Mbhashe,52649,192,171,52286
EC123,municipality-EC123,Great Kei,6666,18,38,6610
EC124,municipality-EC124,Amahlathi,22059,93,37,21929
EC126,municipality-EC126,Ngqushwa,11954,58,36,11860
EC127,municipality-EC127,Nkonkobe,20924,199,73,20652
EC131,municipality-EC131,Inxuba Yethemba,10970,85,30,10855
EC132,municipality-EC132,Tsolwana,6263,84,34,6145
EC133,municipality-EC133,Inkwanca,4122,44,15,4063
EC134,municipality-EC134,Lukanji,36389,525,86,35778
EC136,municipality-EC136,Emalahleni,22263,205,83,21975
EC137,municipality-EC137,Engcobo,29896,180,378,29338
EC138,municipality-EC138,Sakhisizwe,12644,115,109,12420
EC141,municipality-EC141,Elundini,28411,331,135,27945
EC142,municipality-EC142,Senqu,27396,985,162,26249
EC143,municipality-EC143,Maletswai,8097,102,23,7972
EC153,municipality-EC153,Ngquza Hill,59427,205,217,59005
EC154,municipality-EC154,Port St Johns,34389,52,161,34176
EC155,municipality-EC155,Nyandeni,64655,183,313,64159
EC156,municipality-EC156,Mhlontlo,40277,136,258,39883
EC441,municipality-EC441,Matatiele,41021,701,361,39959
EC442,municipality-EC442,Umzimvubu,39664,163,323,39178
EC443,municipality-EC443,Mbizana,60208,129,338,59741
EC444,municipality-EC444,Ntabankulu,26569,84,75,26410
FS161,municipality-FS161,Letsemeng,6733,60,7,6666
FS162,municipality-FS162,Kopanong,8384,104,11,8269
FS163,municipality-FS163,Mohokare,6421,118,6,6297
FS181,municipality-FS181,Masilonyana,10944,158,61,10725
FS182,municipality-FS182,Tokologo,4970,63,13,4894
FS183,municipality-FS183,Tswelopele,8870,84,8,8778
FS184,municipality-FS184,Matjhabeng,75962,2963,214,72785
FS185,municipality-FS185,Nala,14927,148,33,14746
FS192,municipality-FS192,Dihlabeng,22404,279,33,22092
FS193,municipality-FS193,Nketoana,11392,90,16,11286
FS194,municipality-FS194,Maluti a Phofung,72911,511,137,72263
FS195,municipality-FS195,Phumelela,8899,114,4,8781
FS201,municipality-FS201,Moqhaka,26470,325,57,26088
FS203,municipality-FS203,Ngwathe,21159,317,42,20800
FS204,municipality-FS204,Metsimaholo,26671,569,94,26008
FS205,municipality-FS205,Mafube,10803,110,30,10663
GT421,municipality-GT421,Emfuleni,137855,4852,703,132300
GT423,municipality-GT423,Lesedi,16975,677,84,16214
GT481,municipality-GT481,Mogale City,61201,4591,379,56231
GT482,municipality-GT482,Randfontein,25429,1128,133,24168
GT483,municipality-GT483,Westonaria,20140,2536,128,17476
KZN211,municipality-KZN211,Vulamehlo,15935,13,104,15818
KZN212,municipality-KZN212,Umdoni,14818,52,75,14691
KZN213,municipality-KZN213,Umzumbe,33441,61,115,33265
KZN214,municipality-KZN214,UMuziwabantu,20550,45,56,20449
KZN215,municipality-KZN215,Ezingoleni,10861,21,21,10819
KZN221,municipality-KZN221,uMshwathi,22178,190,103,21885
KZN222,municipality-KZN222,uMngeni,15706,550,90,15066
KZN223,municipality-KZN223,Mpofana,7273,87,54,7132
KZN224,municipality-KZN224,Impendle,6857,24,25,6808
KZN225,municipality-KZN225,The Msunduzi,124237,1762,608,121867
KZN226,municipality-KZN226,Mkhambathini,12647,135,17,12495
KZN232,municipality-KZN232,Emnambithi/Ladysmith,46170,376,207,45587
KZN233,municipality-KZN233,Indaka,21866,26,68,21772
KZN234,municipality-KZN234,Umtshezi,16072,116,90,15866
KZN235,municipality-KZN235,Okhahlamba,26415,159,55,26201
KZN236,municipality-KZN236,Imbabazane,23912,31,102,23779
KZN242,municipality-KZN242,Nqutu,34986,90,60,34836
KZN244,municipality-KZN244,Msinga,36125,58,172,35895
KZN245,municipality-KZN245,Umvoti,20838,121,63,20654
KZN252,municipality-KZN252,Newcastle,75163,644,280,74239
KZN254,municipality-KZN254,Dannhauser,21651,63,29,21559
KZN261,municipality-KZN261,eDumbe,17002,165,61,16776
KZN262,municipality-KZN262,UPhongolo,28089,589,96,27404
KZN263,municipality-KZN263,Abaqulusi,42523,241,225,42057
KZN265,municipality-KZN265,Nongoma,43231,107,230,42894
KZN266,municipality-KZN266,Ulundi,39695,147,143,39405
KZN272,municipality-KZN272,Jozini,41474,310,172,40992
KZN273,municipality-KZN273,The Big 5 False Bay,7481,56,126,7299
KZN274,municipality-KZN274,Hlabisa,15989,33,76,15880
KZN275,municipality-KZN275,Mtubatuba,37293,311,276,36706
KZN281,municipality-KZN281,Mfolozi,26388,134,226,26028
KZN283,municipality-KZN283,Ntambanana,16530,39,125,16366
KZN284,municipality-KZN284,uMlalazi,45337,296,250,44791
KZN285,municipality-KZN285,Mthonjaneni,9718,89,26,9603
KZN286,municipality-KZN286,Nkandla,24302,40,72,24190
KZN291,municipality-KZN291,Mandeni,29135,376,109,28650
KZN293,municipality-KZN293,Ndwedwe,29554,73,114,29367
KZN294,municipality-KZN294,Maphumulo,20652,45,126,20481
KZN431,municipality-KZN431,Ingwe,20904,92,72,20740
KZN432,municipality-KZN432,Kwa Sani,2258,23,9,2226
KZN434,municipality-KZN434,Ubuhlebezwe,21054,68,94,20892
KZN435,municipality-KZN435,Umzimkhulu,39335,94,240,39001
LIM331,municipality-LIM331,Greater Giyani,57527,1240,160,56127
LIM332,municipality-LIM332,Greater Letaba,49850,1752,134,47964
LIM333,municipality-LIM333,Greater Tzaneen,82671,2103,202,80366
LIM335,municipality-LIM335,Maruleng,20622,261,62,20299
LIM341,municipality-LIM341,Musina,12886,4274,129,8483
LIM342,municipality-LIM342,Mutale,20359,384,70,19905
LIM343,municipality-LIM343,Thulamela,141558,4458,402,136698
LIM344,municipality-LIM344,Makhado,109391,3639,334,105418
LIM351,municipality-LIM351,Blouberg,36381,850,94,35437
LIM353,municipality-LIM353,Molemole,22480,993,51,21436
LIM354,municipality-LIM354,Polokwane,131206,4638,385,126183
LIM355,municipality-LIM355,Lepele-Nkumpi,47559,734,121,46704
LIM361,municipality-LIM361,Thabazimbi,12940,1162,61,11717
LIM362,municipality-LIM362,Lephalale,22419,1469,94,20856
LIM365,municipality-LIM365,Modimolle,12380,787,56,11537
LIM366,municipality-LIM366,Bela-Bela,11262,572,36,10654
BUF,municipality-BUF,Buffalo City,136181,1370,641,134170
EC101,municipality-EC101,Camdeboo,8274,31,32,8211
EC105,municipality-EC105,Ndlambe,9536,158,41,9337
EC122,municipality-EC122,Mnquma,49060,170,189,48701
EC128,municipality-EC128,Nxuba,3877,51,9,3817
EC135,municipality-EC135,Intsika Yethu,26432,224,111,26097
EC144,municipality-EC144,Gariep,5799,66,18,5715
EC157,municipality-EC157,King Sabata Dalindyebo,99986,733,466,98787
NMA,municipality-NMA,Nelson Mandela Bay,208282,3670,973,203639
FS164,municipality-FS164,Naledi,4785,126,10,4649
FS191,municipality-FS191,Setsoto,21337,426,34,20877
FS196,municipality-FS196,Mantsopa,9643,274,18,9351
MAN,municipality-MAN,Mangaung,146807,4040,433,142334
EKU,municipality-EKU,Ekurhuleni,564110,37309,3470,523331
GT422,municipality-GT422,Midvaal,15038,1246,133,13659
GT484,municipality-GT484,Merafong City,33221,2385,206,30630
JHB,municipality-JHB,City of Johannesburg,767187,88966,6756,671465
TSH,municipality-TSH,City of Tshwane,524206,33748,3223,487235
ETH,municipality-ETH,eThekwini,697570,10758,4405,682407
KZN216,municipality-KZN216,Hibiscus Coast,49407,233,293,48881
KZN227,municipality-KZN227,Richmond,12625,179,26,12420
KZN241,municipality-KZN241,Endumeni,12606,99,42,12465
KZN253,municipality-KZN253,Emadlangeni,6444,46,10,6388
KZN271,municipality-KZN271,Umhlabuyalingana,33535,189,142,33204
KZN282,municipality-KZN282,uMhlathuze,68950,752,372,67826
KZN292,municipality-KZN292,KwaDukuza,45473,1680,131,43662
KZN433,municipality-KZN433,Greater Kokstad,13606,135,61,13410
LIM334,municipality-LIM334,Ba-Phalaborwa,30036,756,90,29190
LIM352,municipality-LIM352,Aganang,27546,295,66,27185
LIM364,municipality-LIM364,Mookgopong,6074,920,34,5120
LIM367,municipality-LIM367,Mogalakwena,64077,1262,149,62666
LIM471,municipality-LIM471,Ephraim Mogale,25344,1601,108,23635
LIM472,municipality-LIM472,Elias Motsoaledi,52346,1404,134,50808
LIM473,municipality-LIM473,Makhuduthamaga,56376,406,126,55844
LIM474,municipality-LIM474,Fetakgomo,19289,167,99,19023
LIM475,municipality-LIM475,Greater Tubatse,71224,899,169,70156
MP301,municipality-MP301,Albert Luthuli,41565,956,106,40503
MP302,municipality-MP302,Msukaligwa,28685,481,122,28082
MP304,municipality-MP304,Pixley Ka Seme,15939,131,51,15757
MP305,municipality-MP305,Lekwa,20777,305,56,20416
MP306,municipality-MP306,Dipaleseng,7927,93,34,7800
MP307,municipality-MP307,Govan Mbeki,56242,1795,303,54144
MP312,municipality-MP312,Emalahleni,74978,3308,309,71361
MP313,municipality-MP313,Steve Tshwete,41011,1585,228,39198
MP314,municipality-MP314,Emakhazeni,8434,231,25,8178
MP315,municipality-MP315,Thembisile,64643,1013,233,63397
MP316,municipality-MP316,Dr JS Moroka,52032,646,151,51235
MP321,municipality-MP321,Thaba Chweu,16702,716,97,15889
MP323,municipality-MP323,Umjindi,12035,781,55,11199
MP324,municipality-MP324,Nkomazi,92194,6800,725,84669
MP325,municipality-MP325,Bushbuckridge,125754,822,301,124631
NW371,municipality-NW371,Moretele,35190,557,73,34560
NW372,municipality-NW372,Madibeng,86076,9710,367,75999
NW374,municipality-NW374,Kgetlengrivier,8810,344,42,8424
NW375,municipality-NW375,Moses Kotane,42599,1026,114,41459
NW381,municipality-NW381,Ratlou,19712,117,46,19549
NW382,municipality-NW382,Tswaing,23271,129,38,23104
NW383,municipality-NW383,Mafikeng,58043,1052,133,56858
NW385,municipality-NW385,Ramotshere Moiloa,26142,439,50,25653
NW392,municipality-NW392,Naledi,11813,128,35,11650
NW393,municipality-NW393,Mamusa,11126,97,21,11008
NW394,municipality-NW394,Greater Taung,33441,233,100,33108
NW397,municipality-NW397,Kagisano/Molopo,18691,150,137,18404
NW401,municipality-NW401,Ventersdorp,9913,161,23,9729
NW402,municipality-NW402,Tlokwe City Council,32779,716,135,31928
NW403,municipality-NW403,City of Matlosana,70522,2113,219,68190
NW404,municipality-NW404,Maquassi Hills,14123,123,35,13965
NC061,municipality-NC061,Richtersveld,1723,6,6,1711
NC064,municipality-NC064,Kamiesberg,1308,6,1,1301
NC065,municipality-NC065,Hantam,3311,17,11,3283
NC066,municipality-NC066,Karoo Hoogland,1605,2,2,1601
NC067,municipality-NC067,Khâi-Ma,2158,15,9,2134
NC072,municipality-NC072,Umsobomvu,4798,48,5,4745
NC073,municipality-NC073,Emthanjeni,7070,65,11,6994
NC074,municipality-NC074,Kareeberg,1739,6,0,1733
NC075,municipality-NC075,Renosterberg,1727,16,17,1694
NC076,municipality-NC076,Thembelihle,2697,24,4,2669
NC078,municipality-NC078,Siyancuma,6170,49,22,6099
NC081,municipality-NC081,Mier,1132,12,1,1119
NC082,municipality-NC082,Kai !Garib,14042,75,30,13937
NC083,municipality-NC083,//Khara Hais,16685,223,39,16423
NC084,municipality-NC084,!Kheis,2485,26,1,2458
NC086,municipality-NC086,Kgatelopele,3316,21,2,3293
NC091,municipality-NC091,Sol Plaatjie,43669,489,130,43050
NC092,municipality-NC092,Dikgatlong,8169,113,20,8036
NC093,municipality-NC093,Magareng,4382,39,7,4336
NC451,municipality-NC451,Joe Morolong,16163,167,37,15959
NC452,municipality-NC452,Ga-Segonyana,17881,259,55,17567
NC453,municipality-NC453,Gamagara,7157,107,33,7017
CPT,municipality-CPT,City of Cape Town,661974,25430,4875,631669
WC011,municipality-WC011,Matzikama,11327,123,96,11108
WC013,municipality-WC013,Bergrivier,9517,202,91,9224
WC014,municipality-WC014,Saldanha Bay,17073,265,133,16675
WC015,municipality-WC015,Swartland,18028,235,63,17730
WC022,municipality-WC022,Witzenberg,21404,828,134,20442
WC023,municipality-WC023,Drakenstein,45044,707,404,43933
WC025,municipality-WC025,Breede Valley,29058,1054,157,27847
WC026,municipality-WC026,Langeberg,16930,457,214,16259
WC031,municipality-WC031,Theewaterskloof,18629,375,253,18001
WC032,municipality-WC032,Overstrand,11464,368,128,10968
WC034,municipality-WC034,Swellendam,5870,125,14,5731
WC041,municipality-WC041,Kannaland,4058,32,26,4000
WC042,municipality-WC042,Hessequa,7627,71,36,7520
WC043,municipality-WC043,Mossel Bay,13729,191,120,13418
